priority,owasp_categories,rationale,url_redacted,route_template,query_parameters,sensitivity,url_fingerprint_sha256_12,source_count,sources
100,A02 Cryptographic Failures; A07 Identification and Authentication Failures,"Archived onboarding URL contains token/identity-bearing query fields; Authentication, onboarding, or session lifecycle surface",https://app.perk.com/onboard/?account_name=[REDACTED]&last_name=[REDACTED]&name=[REDACTED]&source=[REDACTED]&token=[REDACTED]&uid=[REDACTED],/onboard/?account_name=&last_name=&name=&source=&token=&uid=,"account_name,last_name,name,source,token,uid",sensitive_query_values_redacted,e1453430fff5,3,"all_exact_host_urls_sensitive,api_urlscan,gau_urlscan"
100,A02 Cryptographic Failures; A07 Identification and Authentication Failures,"Archived onboarding URL contains token/identity-bearing query fields; Authentication, onboarding, or session lifecycle surface",https://app.perk.com/onboard/?account_name=[REDACTED]&last_name=[REDACTED]&name=[REDACTED]&source=[REDACTED]&token=[REDACTED]&uid=[REDACTED],/onboard/?account_name=&last_name=&name=&source=&token=&uid=,"account_name,last_name,name,source,token,uid",sensitive_query_values_redacted,c8a5928a0b90,3,"all_exact_host_urls_sensitive,api_urlscan,gau_urlscan"
98,A01 Broken Access Control; A04 Insecure Design,Direct object reference in trip/event/approval route; Approval/payment state-transition route,https://app.perk.com/void/approvals-v3/approver/trip-review/34106378,/void/approvals-v3/approver/trip-review/{id},,normal,f4562d4bbe21,3,"all_exact_host_urls_sensitive,api_otx,gau_otx"
98,A01 Broken Access Control; A04 Insecure Design,Direct object reference in trip/event/approval route; Approval/payment state-transition route,https://app.perk.com/void/approvals-v3/approver/trip-review/34836797,/void/approvals-v3/approver/trip-review/{id},,normal,44b963266c39,3,"all_exact_host_urls_sensitive,api_otx,gau_otx"
98,A01 Broken Access Control; A04 Insecure Design,Direct object reference in trip/event/approval route; Approval/payment state-transition route,https://app.perk.com/void/approvals-v3/approver/trip-review/35201347,/void/approvals-v3/approver/trip-review/{id},,normal,d26d1f9e034d,3,"all_exact_host_urls_sensitive,api_otx,gau_otx"
98,A01 Broken Access Control; A04 Insecure Design,Direct object reference in trip/event/approval route; Approval/payment state-transition route,https://app.perk.com/void/approvals-v3/approver/trip-review/35608553/approve,/void/approvals-v3/approver/trip-review/{id}/approve,,normal,ea81099a47d5,3,"all_exact_host_urls_sensitive,api_otx,gau_otx"
98,A01 Broken Access Control; A04 Insecure Design,Direct object reference in trip/event/approval route; Approval/payment state-transition route,https://app.perk.com/void/approvals-v3/approver/trip-review/35174304/approve-and-pay,/void/approvals-v3/approver/trip-review/{id}/approve-and-pay,,normal,078bf86eff19,3,"all_exact_host_urls_sensitive,api_otx,gau_otx"
98,A01 Broken Access Control; A04 Insecure Design,Direct object reference in trip/event/approval route; Approval/payment state-transition route,https://app.perk.com/void/approvals-v3/approver/trip-review/35608000/approve-and-pay,/void/approvals-v3/approver/trip-review/{id}/approve-and-pay,,normal,caf17c2fda15,3,"all_exact_host_urls_sensitive,api_otx,gau_otx"
98,A01 Broken Access Control; A04 Insecure Design,Direct object reference in trip/event/approval route; Approval/payment state-transition route,https://app.perk.com/void/approvals-v3/approver/trip-review/35608553/approve-and-pay,/void/approvals-v3/approver/trip-review/{id}/approve-and-pay,,normal,c6d8008dd56b,3,"all_exact_host_urls_sensitive,api_otx,gau_otx"
98,A01 Broken Access Control; A04 Insecure Design,Direct object reference in trip/event/approval route; Approval/payment state-transition route,https://app.perk.com/void/approvals-v3/approver/trip-review/38072207/approve-and-pay,/void/approvals-v3/approver/trip-review/{id}/approve-and-pay,,normal,6ca6d6e03d80,3,"all_exact_host_urls_sensitive,api_otx,gau_otx"
98,A01 Broken Access Control; A04 Insecure Design,Direct object reference in trip/event/approval route; Approval/payment state-transition route,https://app.perk.com/void/approvals-v3/approver/trip-review/38893212/approve-and-pay,/void/approvals-v3/approver/trip-review/{id}/approve-and-pay,,normal,f3f8984ec222,3,"all_exact_host_urls_sensitive,api_otx,gau_otx"
96,A01 Broken Access Control,Direct object reference in trip/event/approval route; Trip confirmation-email retrieval route,https://app.perk.com/void/trips/34451607/confirmation-email,/void/trips/{id}/confirmation-email,,normal,23d3da0e0be9,3,"all_exact_host_urls_sensitive,api_otx,gau_otx"
96,A01 Broken Access Control,Direct object reference in trip/event/approval route; Trip confirmation-email retrieval route,https://app.perk.com/void/trips/36057432/confirmation-email,/void/trips/{id}/confirmation-email,,normal,4c4e8d5b1fbc,3,"all_exact_host_urls_sensitive,api_otx,gau_otx"
96,A01 Broken Access Control,Direct object reference in trip/event/approval route; Trip confirmation-email retrieval route,https://app.perk.com/void/trips/36091168/confirmation-email,/void/trips/{id}/confirmation-email,,normal,3354439e4cd0,3,"all_exact_host_urls_sensitive,api_otx,gau_otx"
94,A01 Broken Access Control,Direct object reference in trip/event/approval route; UUID-based shared-trip access route,https://app.perk.com/share/trip/0df5fcf7-a814-45aa-ba48-66f6d9e4f1ca,/share/trip/{uuid},,normal,c0d60f4c01fa,3,"all_exact_host_urls_sensitive,api_otx,gau_otx"
92,A01 Broken Access Control; A04 Insecure Design,Checkout object/state route,https://app.perk.com/checkout/35855038/,/checkout/{id}/,,normal,e2f7358bb57f,3,"all_exact_host_urls_sensitive,api_otx,gau_otx"
92,A01 Broken Access Control; A04 Insecure Design,Direct object reference in trip/event/approval route; Trip state-change or disruption workflow,https://app.perk.com/trips/36422126/confirm,/trips/{id}/confirm,,normal,e261b4f2452e,3,"all_exact_host_urls_sensitive,api_otx,gau_otx"
92,A01 Broken Access Control; A04 Insecure Design,Direct object reference in trip/event/approval route; Trip state-change or disruption workflow,https://app.perk.com/trips/36459484/confirm,/trips/{id}/confirm,,normal,2bb48a7bad88,3,"all_exact_host_urls_sensitive,api_otx,gau_otx"
92,A01 Broken Access Control; A04 Insecure Design,Direct object reference in trip/event/approval route; Trip state-change or disruption workflow,https://app.perk.com/trips/36505512/confirm,/trips/{id}/confirm,,normal,4026ab08ebe6,3,"all_exact_host_urls_sensitive,api_otx,gau_otx"
92,A01 Broken Access Control; A04 Insecure Design,Direct object reference in trip/event/approval route; Trip state-change or disruption workflow,https://app.perk.com/trips/36555456/confirm,/trips/{id}/confirm,,normal,814c819a4cee,3,"all_exact_host_urls_sensitive,api_otx,gau_otx"
92,A01 Broken Access Control; A04 Insecure Design,Direct object reference in trip/event/approval route; Trip state-change or disruption workflow,https://app.perk.com/trips/36650084/confirm,/trips/{id}/confirm,,normal,600f8a2b19ec,3,"all_exact_host_urls_sensitive,api_otx,gau_otx"
92,A01 Broken Access Control; A04 Insecure Design,Direct object reference in trip/event/approval route; Trip state-change or disruption workflow,https://app.perk.com/trips/36686426/confirm,/trips/{id}/confirm,,normal,ca897ee10ede,3,"all_exact_host_urls_sensitive,api_otx,gau_otx"
92,A01 Broken Access Control; A04 Insecure Design,Direct object reference in trip/event/approval route; Trip state-change or disruption workflow,https://app.perk.com/trips/36728550/confirm,/trips/{id}/confirm,,normal,a878f20c8582,3,"all_exact_host_urls_sensitive,api_otx,gau_otx"
92,A01 Broken Access Control; A04 Insecure Design,Direct object reference in trip/event/approval route; Trip state-change or disruption workflow,https://app.perk.com/trips/36746437/confirm,/trips/{id}/confirm,,normal,788e5e40fefd,3,"all_exact_host_urls_sensitive,api_otx,gau_otx"
92,A01 Broken Access Control; A04 Insecure Design,Direct object reference in trip/event/approval route; Trip state-change or disruption workflow,https://app.perk.com/trips/36773196/confirm,/trips/{id}/confirm,,normal,b0c22ef5dd71,3,"all_exact_host_urls_sensitive,api_otx,gau_otx"
92,A01 Broken Access Control; A04 Insecure Design,Direct object reference in trip/event/approval route; Trip state-change or disruption workflow,https://app.perk.com/trips/36778304/confirm,/trips/{id}/confirm,,normal,32eb942ab229,3,"all_exact_host_urls_sensitive,api_otx,gau_otx"
92,A01 Broken Access Control; A04 Insecure Design,Direct object reference in trip/event/approval route; Trip state-change or disruption workflow,https://app.perk.com/trips/36787473/confirm,/trips/{id}/confirm,,normal,f01dac242fb0,3,"all_exact_host_urls_sensitive,api_otx,gau_otx"
92,A01 Broken Access Control; A04 Insecure Design,Direct object reference in trip/event/approval route; Trip state-change or disruption workflow,https://app.perk.com/trips/36792131/confirm,/trips/{id}/confirm,,normal,81f9eee0e27d,3,"all_exact_host_urls_sensitive,api_otx,gau_otx"
92,A01 Broken Access Control; A04 Insecure Design,Direct object reference in trip/event/approval route; Trip state-change or disruption workflow,https://app.perk.com/trips/36797866/confirm,/trips/{id}/confirm,,normal,280d6e4bc433,3,"all_exact_host_urls_sensitive,api_otx,gau_otx"
92,A01 Broken Access Control; A04 Insecure Design,Direct object reference in trip/event/approval route; Trip state-change or disruption workflow,https://app.perk.com/trips/36836712/confirm,/trips/{id}/confirm,,normal,750b9114ce75,3,"all_exact_host_urls_sensitive,api_otx,gau_otx"
92,A01 Broken Access Control; A04 Insecure Design,Direct object reference in trip/event/approval route; Trip state-change or disruption workflow,https://app.perk.com/trips/36941196/confirm,/trips/{id}/confirm,,normal,5cb674cf810a,3,"all_exact_host_urls_sensitive,api_otx,gau_otx"
92,A01 Broken Access Control; A04 Insecure Design,Direct object reference in trip/event/approval route; Trip state-change or disruption workflow,https://app.perk.com/trips/36963163/confirm,/trips/{id}/confirm,,normal,c10c7e006e3f,3,"all_exact_host_urls_sensitive,api_otx,gau_otx"
92,A01 Broken Access Control; A04 Insecure Design,Direct object reference in trip/event/approval route; Trip state-change or disruption workflow,https://app.perk.com/trips/36972362/confirm,/trips/{id}/confirm,,normal,0baa4c177db6,3,"all_exact_host_urls_sensitive,api_otx,gau_otx"
92,A01 Broken Access Control; A04 Insecure Design,Direct object reference in trip/event/approval route; Trip state-change or disruption workflow,https://app.perk.com/trips/37005256/confirm,/trips/{id}/confirm,,normal,977cb5970ab6,3,"all_exact_host_urls_sensitive,api_otx,gau_otx"
92,A01 Broken Access Control; A04 Insecure Design,Direct object reference in trip/event/approval route; Trip state-change or disruption workflow,https://app.perk.com/trips/37630817/itinerary/modify-cancel/inprogress,/trips/{id}/itinerary/modify-cancel/inprogress,,normal,5d3f850e649a,3,"all_exact_host_urls_sensitive,api_otx,gau_otx"
92,A01 Broken Access Control; A04 Insecure Design,Direct object reference in trip/event/approval route; Trip state-change or disruption workflow,https://app.perk.com/void/trips/36533121/itinerary/involuntary-changes/17026,/void/trips/{id}/itinerary/involuntary-changes/{id},,normal,0ba033c8d71c,3,"all_exact_host_urls_sensitive,api_otx,gau_otx"
90,A07 Identification and Authentication Failures,"Authentication, onboarding, or session lifecycle surface; Federated/SSO redirect or seamless-login boundary",https://app.perk.com/api/identity/perk-seamless-login/,/api/identity/perk-seamless-login/,,normal,bc3097ca52f3,3,"all_exact_host_urls_sensitive,api_urlscan,gau_urlscan"
90,A07 Identification and Authentication Failures,"Authentication, onboarding, or session lifecycle surface; Federated/SSO redirect or seamless-login boundary",https://app.perk.com/api/v2/federated-login-redirect/,/api/v2/federated-login-redirect/,,normal,dcdfe6214111,3,"all_exact_host_urls_sensitive,gau_wayback,waybackurls"
90,A07 Identification and Authentication Failures,"Authentication, onboarding, or session lifecycle surface; Federated/SSO redirect or seamless-login boundary",https://app.perk.com/sso-login,/sso-login,,normal,b26053d206a4,3,"all_exact_host_urls_sensitive,gau_wayback,waybackurls"
88,A01 Broken Access Control,Direct object reference in trip/event/approval route,https://app.perk.com/events/49879,/events/{id},,normal,eda4736248d8,3,"all_exact_host_urls_sensitive,api_otx,gau_otx"
88,A01 Broken Access Control,Direct object reference in trip/event/approval route,https://app.perk.com/events/49920,/events/{id},,normal,6c0f3af5faf8,3,"all_exact_host_urls_sensitive,api_otx,gau_otx"
88,A01 Broken Access Control,Direct object reference in trip/event/approval route,https://app.perk.com/events/50278,/events/{id},,normal,13a39b6973a0,3,"all_exact_host_urls_sensitive,api_otx,gau_otx"
88,A01 Broken Access Control,Direct object reference in trip/event/approval route,https://app.perk.com/events/51312,/events/{id},,normal,9657a301810b,3,"all_exact_host_urls_sensitive,api_otx,gau_otx"
88,A01 Broken Access Control,Direct object reference in trip/event/approval route,https://app.perk.com/events/51721,/events/{id},,normal,363571fc0518,3,"all_exact_host_urls_sensitive,api_otx,gau_otx"
88,A01 Broken Access Control,Direct object reference in trip/event/approval route,https://app.perk.com/events/53656,/events/{id},,normal,0230737cb829,3,"all_exact_host_urls_sensitive,api_otx,gau_otx"
88,A01 Broken Access Control,Direct object reference in trip/event/approval route,https://app.perk.com/events/54193,/events/{id},,normal,4bc4f3a1a5ce,3,"all_exact_host_urls_sensitive,api_otx,gau_otx"
88,A01 Broken Access Control,Direct object reference in trip/event/approval route,https://app.perk.com/trips/%s,/trips/{id_placeholder},,normal,f2138ca15ef3,2,"all_exact_host_urls_sensitive,api_otx"
88,A01 Broken Access Control,Direct object reference in trip/event/approval route,https://app.perk.com/trips/35873713,/trips/{id},,normal,3a3bb0fba9f8,3,"all_exact_host_urls_sensitive,api_otx,gau_otx"
88,A01 Broken Access Control,Direct object reference in trip/event/approval route,https://app.perk.com/trips/36134752,/trips/{id},,normal,af1a537a5133,3,"all_exact_host_urls_sensitive,api_otx,gau_otx"
88,A01 Broken Access Control,Direct object reference in trip/event/approval route,https://app.perk.com/trips/36152247,/trips/{id},,normal,9407d2c1e7b3,3,"all_exact_host_urls_sensitive,api_otx,gau_otx"
88,A01 Broken Access Control,Direct object reference in trip/event/approval route,https://app.perk.com/trips/36337250,/trips/{id},,normal,90679d79eb84,3,"all_exact_host_urls_sensitive,api_otx,gau_otx"
88,A01 Broken Access Control,Direct object reference in trip/event/approval route,https://app.perk.com/trips/36488774,/trips/{id},,normal,a6c9fb7ddd08,3,"all_exact_host_urls_sensitive,api_otx,gau_otx"
88,A01 Broken Access Control,Direct object reference in trip/event/approval route,https://app.perk.com/trips/36497755,/trips/{id},,normal,56b3d3bbcf58,3,"all_exact_host_urls_sensitive,api_otx,gau_otx"
88,A01 Broken Access Control,Direct object reference in trip/event/approval route,https://app.perk.com/trips/36522628,/trips/{id},,normal,866f50e5e248,3,"all_exact_host_urls_sensitive,api_otx,gau_otx"
88,A01 Broken Access Control,Direct object reference in trip/event/approval route,https://app.perk.com/trips/36580887,/trips/{id},,normal,34b989aee288,3,"all_exact_host_urls_sensitive,api_otx,gau_otx"
88,A01 Broken Access Control,Direct object reference in trip/event/approval route,https://app.perk.com/trips/36649740,/trips/{id},,normal,6f7b3dd88813,3,"all_exact_host_urls_sensitive,api_otx,gau_otx"
88,A01 Broken Access Control,Direct object reference in trip/event/approval route,https://app.perk.com/trips/36681020,/trips/{id},,normal,7a12226ff907,3,"all_exact_host_urls_sensitive,api_otx,gau_otx"
88,A01 Broken Access Control,Direct object reference in trip/event/approval route,https://app.perk.com/trips/36716855,/trips/{id},,normal,c7cf88377895,3,"all_exact_host_urls_sensitive,api_otx,gau_otx"
88,A01 Broken Access Control,Direct object reference in trip/event/approval route,https://app.perk.com/trips/36769663,/trips/{id},,normal,bc3ce1a31567,3,"all_exact_host_urls_sensitive,api_otx,gau_otx"
88,A01 Broken Access Control,Direct object reference in trip/event/approval route,https://app.perk.com/trips/36778304,/trips/{id},,normal,6d858daa10bf,3,"all_exact_host_urls_sensitive,api_otx,gau_otx"
88,A01 Broken Access Control,Direct object reference in trip/event/approval route,https://app.perk.com/trips/36787473,/trips/{id},,normal,9a69626c8ada,3,"all_exact_host_urls_sensitive,api_otx,gau_otx"
88,A01 Broken Access Control,Direct object reference in trip/event/approval route,https://app.perk.com/trips/36802006,/trips/{id},,normal,5d3cf9d6070c,3,"all_exact_host_urls_sensitive,api_otx,gau_otx"
88,A01 Broken Access Control,Direct object reference in trip/event/approval route,https://app.perk.com/trips/36842938,/trips/{id},,normal,494038338c28,3,"all_exact_host_urls_sensitive,api_otx,gau_otx"
88,A01 Broken Access Control,Direct object reference in trip/event/approval route,https://app.perk.com/trips/36848899,/trips/{id},,normal,a42590a11705,3,"all_exact_host_urls_sensitive,api_otx,gau_otx"
88,A01 Broken Access Control,Direct object reference in trip/event/approval route,https://app.perk.com/trips/36975689,/trips/{id},,normal,b664d07c53c4,3,"all_exact_host_urls_sensitive,api_otx,gau_otx"
88,A01 Broken Access Control,Direct object reference in trip/event/approval route,https://app.perk.com/trips/37245935,/trips/{id},,normal,61be58aceb8f,3,"all_exact_host_urls_sensitive,api_otx,gau_otx"
88,A01 Broken Access Control,Direct object reference in trip/event/approval route,https://app.perk.com/trips/38102826,/trips/{id},,normal,78a32ae6c9c4,3,"all_exact_host_urls_sensitive,api_otx,gau_otx"
88,A01 Broken Access Control,Direct object reference in trip/event/approval route,https://app.perk.com/trips/38402185,/trips/{id},,normal,6e3d9598151e,3,"all_exact_host_urls_sensitive,api_otx,gau_otx"
88,A01 Broken Access Control,Direct object reference in trip/event/approval route,https://app.perk.com/trips/38881697,/trips/{id},,normal,d7448b586418,3,"all_exact_host_urls_sensitive,api_otx,gau_otx"
88,A01 Broken Access Control,Direct object reference in trip/event/approval route,https://app.perk.com/trips/38964819,/trips/{id},,normal,41d83d91b870,3,"all_exact_host_urls_sensitive,api_otx,gau_otx"
88,A01 Broken Access Control,Direct object reference in trip/event/approval route,https://app.perk.com/trips/38977119,/trips/{id},,normal,27eec1a27743,3,"all_exact_host_urls_sensitive,api_otx,gau_otx"
88,A01 Broken Access Control,Direct object reference in trip/event/approval route,https://app.perk.com/trips/39109279,/trips/{id},,normal,8b7c7e11b489,3,"all_exact_host_urls_sensitive,api_otx,gau_otx"
88,A01 Broken Access Control,Direct object reference in trip/event/approval route,https://app.perk.com/trips/39156947,/trips/{id},,normal,b38bd3d30bea,3,"all_exact_host_urls_sensitive,api_otx,gau_otx"
88,A01 Broken Access Control,Direct object reference in trip/event/approval route,https://app.perk.com/trips/39157759,/trips/{id},,normal,382e9864b78c,3,"all_exact_host_urls_sensitive,api_otx,gau_otx"
88,A01 Broken Access Control,Direct object reference in trip/event/approval route,https://app.perk.com/trips/31623796/itinerary,/trips/{id}/itinerary,,normal,c9090124bf26,3,"all_exact_host_urls_sensitive,api_otx,gau_otx"
88,A01 Broken Access Control,Direct object reference in trip/event/approval route,https://app.perk.com/trips/34765517/itinerary,/trips/{id}/itinerary,,normal,81b14472d30e,3,"all_exact_host_urls_sensitive,api_otx,gau_otx"
88,A01 Broken Access Control,Direct object reference in trip/event/approval route,https://app.perk.com/trips/35006130/itinerary,/trips/{id}/itinerary,,normal,1ad977dc12ae,3,"all_exact_host_urls_sensitive,api_otx,gau_otx"
88,A01 Broken Access Control,Direct object reference in trip/event/approval route,https://app.perk.com/trips/36155049/itinerary,/trips/{id}/itinerary,,normal,9a126137d581,3,"all_exact_host_urls_sensitive,api_otx,gau_otx"
88,A01 Broken Access Control,Direct object reference in trip/event/approval route,https://app.perk.com/trips/36306913/itinerary,/trips/{id}/itinerary,,normal,ba851536bb12,3,"all_exact_host_urls_sensitive,api_otx,gau_otx"
88,A01 Broken Access Control,Direct object reference in trip/event/approval route,https://app.perk.com/trips/36757097/itinerary,/trips/{id}/itinerary,,normal,6f3edef3b6e8,3,"all_exact_host_urls_sensitive,api_otx,gau_otx"
88,A01 Broken Access Control,Direct object reference in trip/event/approval route,https://app.perk.com/trips/36830843/itinerary,/trips/{id}/itinerary,,normal,17a7207261a4,3,"all_exact_host_urls_sensitive,api_otx,gau_otx"
88,A01 Broken Access Control,Direct object reference in trip/event/approval route,https://app.perk.com/trips/34357086/search/hotels/b0dc2743-f1eb-4207-aaa1-72d19c90c2e7/map,/trips/{id}/search/hotels/{uuid}/map,,normal,0a99796c7f85,3,"all_exact_host_urls_sensitive,api_otx,gau_otx"
88,A01 Broken Access Control,Direct object reference in trip/event/approval route,https://app.perk.com/trips/36737556/search/hotels/7812126e-fe22-4fdc-8e50-e45fd34d2377/map,/trips/{id}/search/hotels/{uuid}/map,,normal,9b5626c8c7fb,3,"all_exact_host_urls_sensitive,api_otx,gau_otx"
88,A01 Broken Access Control,Direct object reference in trip/event/approval route,https://app.perk.com/void/trips/34451607,/void/trips/{id},,normal,e054448508dd,3,"all_exact_host_urls_sensitive,api_otx,gau_otx"
88,A01 Broken Access Control,Direct object reference in trip/event/approval route,https://app.perk.com/void/trips/35026295,/void/trips/{id},,normal,9e29ad8498ef,3,"all_exact_host_urls_sensitive,api_otx,gau_otx"
88,A01 Broken Access Control,Direct object reference in trip/event/approval route,https://app.perk.com/void/trips/35442869,/void/trips/{id},,normal,dffe17361629,3,"all_exact_host_urls_sensitive,api_urlscan,gau_urlscan"
87,A05 Security Misconfiguration; A08 Software and Data Integrity Failures,Runtime environment/configuration JavaScript,https://app.perk.com/config/env.js,/config/env.js,,normal,ebd09bdfc585,3,"all_exact_host_urls_sensitive,gau_wayback,waybackurls"
84,A01 Broken Access Control; A08 Software and Data Integrity Failures,Company-scoped integration configuration surface,https://app.perk.com/company/integrations,/company/integrations,,normal,d698e5d543c7,3,"all_exact_host_urls_sensitive,gau_wayback,waybackurls"
84,A01 Broken Access Control; A08 Software and Data Integrity Failures,Company-scoped integration configuration surface,https://app.perk.com/company/integrations/airhelp,/company/integrations/airhelp,,normal,b617d69c8231,3,"all_exact_host_urls_sensitive,gau_wayback,waybackurls"
84,A01 Broken Access Control; A08 Software and Data Integrity Failures,Company-scoped integration configuration surface,https://app.perk.com/company/integrations/circula,/company/integrations/circula,,normal,fea1b5dd8ba1,3,"all_exact_host_urls_sensitive,gau_wayback,waybackurls"
84,A01 Broken Access Control; A08 Software and Data Integrity Failures,Company-scoped integration configuration surface,https://app.perk.com/company/integrations/divvy,/company/integrations/divvy,,normal,b93d0abbe835,3,"all_exact_host_urls_sensitive,gau_wayback,waybackurls"
84,A01 Broken Access Control; A08 Software and Data Integrity Failures,Company-scoped integration configuration surface,https://app.perk.com/company/integrations/expensifyv2,/company/integrations/expensifyv2,,normal,6c8d59652b1b,3,"all_exact_host_urls_sensitive,gau_wayback,waybackurls"
84,A01 Broken Access Control; A08 Software and Data Integrity Failures,Company-scoped integration configuration surface,https://app.perk.com/company/integrations/hibob,/company/integrations/hibob,,normal,d6a4d346c0e8,3,"all_exact_host_urls_sensitive,gau_wayback,waybackurls"
84,A01 Broken Access Control; A08 Software and Data Integrity Failures,Company-scoped integration configuration surface,https://app.perk.com/company/integrations/moss,/company/integrations/moss,,normal,249a4444803c,3,"all_exact_host_urls_sensitive,gau_wayback,waybackurls"
84,A01 Broken Access Control; A08 Software and Data Integrity Failures,Company-scoped integration configuration surface,https://app.perk.com/company/integrations/pleo,/company/integrations/pleo,,normal,047545c0c568,3,"all_exact_host_urls_sensitive,gau_wayback,waybackurls"
84,A01 Broken Access Control; A08 Software and Data Integrity Failures,Company-scoped integration configuration surface,https://app.perk.com/company/integrations/ramp,/company/integrations/ramp,,normal,9dcb8a933ef0,3,"all_exact_host_urls_sensitive,gau_wayback,waybackurls"
84,A01 Broken Access Control; A08 Software and Data Integrity Failures,Company-scoped integration configuration surface,https://app.perk.com/company/integrations/soldo,/company/integrations/soldo,,normal,f4d201c93800,3,"all_exact_host_urls_sensitive,gau_wayback,waybackurls"
84,A01 Broken Access Control; A08 Software and Data Integrity Failures,Company-scoped integration configuration surface,https://app.perk.com/company/integrations/spendesk,/company/integrations/spendesk,,normal,1f70e8d05820,3,"all_exact_host_urls_sensitive,gau_wayback,waybackurls"
82,A01 Broken Access Control; A07 Identification and Authentication Failures,Account-scoped settings route,https://app.perk.com/account/trip-settings,/account/trip-settings,,normal,ce1026636814,3,"all_exact_host_urls_sensitive,gau_wayback,waybackurls"
75,A07 Identification and Authentication Failures,"Authentication, onboarding, or session lifecycle surface",https://app.perk.com/FR/signup,/FR/signup,,normal,f4ef57b08950,3,"all_exact_host_urls_sensitive,gau_wayback,waybackurls"
75,A07 Identification and Authentication Failures,"Authentication, onboarding, or session lifecycle surface",https://app.perk.com/api-token-refresh/,/api-token-refresh/,,normal,652809e73ad5,3,"all_exact_host_urls_sensitive,gau_wayback,waybackurls"
75,A07 Identification and Authentication Failures,"Authentication, onboarding, or session lifecycle surface",https://app.perk.com/api-token-session/,/api-token-session/,,normal,d00c4fdceef6,3,"all_exact_host_urls_sensitive,gau_wayback,waybackurls"
75,A07 Identification and Authentication Failures,"Authentication, onboarding, or session lifecycle surface",https://app.perk.com/de/signup,/de/signup,,normal,f304b383c447,3,"all_exact_host_urls_sensitive,gau_wayback,waybackurls"
75,A07 Identification and Authentication Failures,"Authentication, onboarding, or session lifecycle surface",https://app.perk.com/en-US/signup,/en-US/signup,,normal,d569438369ce,5,"all_exact_host_urls_sensitive,api_otx,gau_otx,gau_wayback,waybackurls"
75,A07 Identification and Authentication Failures,"Authentication, onboarding, or session lifecycle surface",https://app.perk.com/en-US/signup?_gl=[TRACKING_REDACTED],/en-US/signup?_gl=,_gl,normal,f733ab8922a0,3,"all_exact_host_urls_sensitive,gau_wayback,waybackurls"
75,A07 Identification and Authentication Failures,"Authentication, onboarding, or session lifecycle surface",https://app.perk.com/en-ca/signup,/en-ca/signup,,normal,5c2d603d3b77,3,"all_exact_host_urls_sensitive,gau_wayback,waybackurls"
75,A07 Identification and Authentication Failures,"Authentication, onboarding, or session lifecycle surface",https://app.perk.com/en/signup,/en/signup,,normal,9f362dbb6d5f,3,"all_exact_host_urls_sensitive,gau_wayback,waybackurls"
75,A07 Identification and Authentication Failures,"Authentication, onboarding, or session lifecycle surface",https://app.perk.com/it/signup,/it/signup,,normal,8bfd3fedcbfe,3,"all_exact_host_urls_sensitive,gau_wayback,waybackurls"
75,A07 Identification and Authentication Failures,"Authentication, onboarding, or session lifecycle surface",https://app.perk.com/login,/login,,normal,9c817a6cd602,7,"all_exact_host_urls_sensitive,api_otx,api_urlscan,gau_otx,gau_urlscan,gau_wayback,waybackurls"
75,A03 Injection; A07 Identification and Authentication Failures,"Authentication, onboarding, or session lifecycle surface; Client-controlled navigation parameter on login",https://app.perk.com/login?coming_from=[REDACTED],/login?coming_from=,coming_from,normal,5a2a130b142b,3,"all_exact_host_urls_sensitive,gau_wayback,waybackurls"
75,A07 Identification and Authentication Failures,"Authentication, onboarding, or session lifecycle surface",https://app.perk.com/nl/signup,/nl/signup,,normal,4eed071404a8,3,"all_exact_host_urls_sensitive,gau_wayback,waybackurls"
75,A07 Identification and Authentication Failures,"Authentication, onboarding, or session lifecycle surface",http://app.perk.com/onboard,/onboard,,normal,666651494cb9,2,"all_exact_host_urls_sensitive,api_urlscan"
75,A07 Identification and Authentication Failures,"Authentication, onboarding, or session lifecycle surface",https://app.perk.com/onboard,/onboard,,normal,2a7870b59f47,3,"all_exact_host_urls_sensitive,api_urlscan,gau_urlscan"
75,A07 Identification and Authentication Failures,"Authentication, onboarding, or session lifecycle surface",https://app.perk.com/onboard/,/onboard/,,normal,a777742526a0,3,"all_exact_host_urls_sensitive,api_otx,gau_otx"
75,A07 Identification and Authentication Failures,"Authentication, onboarding, or session lifecycle surface",https://app.perk.com/signup/,/signup/,,normal,e75ceaf8bb50,3,"all_exact_host_urls_sensitive,gau_wayback,waybackurls"
75,A07 Identification and Authentication Failures,"Authentication, onboarding, or session lifecycle surface",https://app.perk.com/signup/?_gl=[TRACKING_REDACTED],/signup/?_gl=,_gl,normal,86869ca0fe77,3,"all_exact_host_urls_sensitive,gau_wayback,waybackurls"
72,A01 Broken Access Control,Authenticated object collection or user-task surface,https://app.perk.com/events,/events,,normal,77b139033eab,3,"all_exact_host_urls_sensitive,gau_wayback,waybackurls"
72,A01 Broken Access Control,Authenticated object collection or user-task surface,https://app.perk.com/itinerary,/itinerary,,normal,1d29904ebc25,3,"all_exact_host_urls_sensitive,api_otx,gau_otx"
72,A01 Broken Access Control,Authenticated object collection or user-task surface,https://app.perk.com/people,/people,,normal,a85f8dce5db5,3,"all_exact_host_urls_sensitive,api_otx,gau_otx"
72,A01 Broken Access Control,Authenticated object collection or user-task surface,https://app.perk.com/spend/,/spend/,,normal,8e8ae91048e8,3,"all_exact_host_urls_sensitive,api_otx,gau_otx"
72,A01 Broken Access Control,Authenticated object collection or user-task surface,https://app.perk.com/spend/my-tasks,/spend/my-tasks,,normal,f2d2055e2426,4,"all_exact_host_urls_sensitive,api_otx,api_urlscan,gau_otx"
72,A01 Broken Access Control,Authenticated object collection or user-task surface,https://app.perk.com/trips,/trips,,normal,3dbedb05eb2c,3,"all_exact_host_urls_sensitive,api_otx,gau_otx"
72,A01 Broken Access Control,Authenticated object collection or user-task surface,http://app.perk.com/trips/,/trips/,,normal,4d5368c2011e,2,"all_exact_host_urls_sensitive,api_urlscan"
72,A01 Broken Access Control,Authenticated object collection or user-task surface,https://app.perk.com/trips/,/trips/,,normal,e402d006b37c,3,"all_exact_host_urls_sensitive,api_otx,gau_otx"
55,A03 Injection; A05 Security Misconfiguration; A08 Software and Data Integrity Failures,"Authentication micro-frontend JavaScript suitable for sink, route, and secret review",https://app.perk.com/mfe-access/assets/adjust-smart-banner-CaAePrNf-CmvYBegn.js,/mfe-access/assets/adjust-smart-banner-CaAePrNf-CmvYBegn.js,,normal,b61b413d33c9,3,"all_exact_host_urls_sensitive,gau_wayback,waybackurls"
55,A03 Injection; A05 Security Misconfiguration; A08 Software and Data Integrity Failures,"Authentication micro-frontend JavaScript suitable for sink, route, and secret review",https://app.perk.com/mfe-access/assets/adjust-smart-banner-DLXRz-jR-Cvclubxh.js,/mfe-access/assets/adjust-smart-banner-DLXRz-jR-Cvclubxh.js,,normal,02eea790e8d7,3,"all_exact_host_urls_sensitive,gau_wayback,waybackurls"
55,A03 Injection; A05 Security Misconfiguration; A08 Software and Data Integrity Failures,"Authentication micro-frontend JavaScript suitable for sink, route, and secret review",https://app.perk.com/mfe-access/assets/index-0JPtUPS_.js,/mfe-access/assets/index-0JPtUPS_.js,,normal,35e2bb78882b,3,"all_exact_host_urls_sensitive,gau_wayback,waybackurls"
55,A03 Injection; A05 Security Misconfiguration; A08 Software and Data Integrity Failures,"Authentication micro-frontend JavaScript suitable for sink, route, and secret review",https://app.perk.com/mfe-access/assets/index-BaRf4GwK.js,/mfe-access/assets/index-BaRf4GwK.js,,normal,e6046d624126,3,"all_exact_host_urls_sensitive,gau_wayback,waybackurls"
55,A03 Injection; A05 Security Misconfiguration; A08 Software and Data Integrity Failures,"Authentication micro-frontend JavaScript suitable for sink, route, and secret review",https://app.perk.com/mfe-access/assets/index-Bpn1JNcG.js,/mfe-access/assets/index-Bpn1JNcG.js,,normal,afda218e417e,3,"all_exact_host_urls_sensitive,gau_wayback,waybackurls"
55,A03 Injection; A05 Security Misconfiguration; A08 Software and Data Integrity Failures,"Authentication micro-frontend JavaScript suitable for sink, route, and secret review",https://app.perk.com/mfe-access/assets/index-CAm1PMql.js,/mfe-access/assets/index-CAm1PMql.js,,normal,ba24cd150e12,3,"all_exact_host_urls_sensitive,gau_wayback,waybackurls"
55,A03 Injection; A05 Security Misconfiguration; A08 Software and Data Integrity Failures,"Authentication micro-frontend JavaScript suitable for sink, route, and secret review",https://app.perk.com/mfe-access/assets/index-CsXd1saF.js,/mfe-access/assets/index-CsXd1saF.js,,normal,298043300932,3,"all_exact_host_urls_sensitive,gau_wayback,waybackurls"
55,A03 Injection; A05 Security Misconfiguration; A08 Software and Data Integrity Failures,"Authentication micro-frontend JavaScript suitable for sink, route, and secret review",https://app.perk.com/mfe-access/assets/index-CuTrR4mO.js,/mfe-access/assets/index-CuTrR4mO.js,,normal,7829e266502d,3,"all_exact_host_urls_sensitive,gau_wayback,waybackurls"
55,A03 Injection; A05 Security Misconfiguration; A08 Software and Data Integrity Failures,"Authentication micro-frontend JavaScript suitable for sink, route, and secret review",https://app.perk.com/mfe-access/assets/index-D84ivIOG.js,/mfe-access/assets/index-D84ivIOG.js,,normal,5233f471e4e8,3,"all_exact_host_urls_sensitive,gau_wayback,waybackurls"
55,A03 Injection; A05 Security Misconfiguration; A08 Software and Data Integrity Failures,"Authentication micro-frontend JavaScript suitable for sink, route, and secret review",https://app.perk.com/mfe-access/assets/startRecording-BkOcwzqn-DV6xPK1i.js,/mfe-access/assets/startRecording-BkOcwzqn-DV6xPK1i.js,,normal,f443823a1de6,3,"all_exact_host_urls_sensitive,gau_wayback,waybackurls"
55,A03 Injection; A05 Security Misconfiguration; A08 Software and Data Integrity Failures,"Authentication micro-frontend JavaScript suitable for sink, route, and secret review",https://app.perk.com/mfe-access/assets/startRecording-BwKqB_8u-DsM6W7Jd.js,/mfe-access/assets/startRecording-BwKqB_8u-DsM6W7Jd.js,,normal,f4d5029f7490,3,"all_exact_host_urls_sensitive,gau_wayback,waybackurls"
55,A03 Injection; A05 Security Misconfiguration; A08 Software and Data Integrity Failures,"Authentication micro-frontend JavaScript suitable for sink, route, and secret review",https://app.perk.com/mfe-access/assets/translations-en-US-Bu0K7h9N.js,/mfe-access/assets/translations-en-US-Bu0K7h9N.js,,normal,ca4a1fa3af54,3,"all_exact_host_urls_sensitive,gau_wayback,waybackurls"
55,A03 Injection; A05 Security Misconfiguration; A08 Software and Data Integrity Failures,"Authentication micro-frontend JavaScript suitable for sink, route, and secret review",https://app.perk.com/mfe-access/assets/translations-en-US-CDE1jURF.js,/mfe-access/assets/translations-en-US-CDE1jURF.js,,normal,e2e7bf5de6f6,3,"all_exact_host_urls_sensitive,gau_wayback,waybackurls"
